{
  "total_images_processed": 1,
  "timestamp": "2026-02-14 23:27:24",
  "results": [
    {
      "input_path": "data/input/image3.jpg",
      "output_path": "data/output\\image3_clahe_clip2.0_tile8_gray.png",
      "parameters": {
        "clip_limit": 2.0,
        "tile_size": 8,
        "color_space": "grayscale",
        "grayscale": true
      },
      "metrics": {
        "entropy": 6.004542350769043,
        "contrast": 43.714627101186316,
        "brightness": 47.85800524934383,
        "sharpness": 230.38345825054498,
        "psnr": 24.734054584225994,
        "width": 3000,
        "height": 2032,
        "channels": 1
      },
      "processing_time_seconds": 0.03266143798828125
    }
  ],
  "average_metrics": {
    "avg_entropy": 6.004542350769043,
    "avg_contrast": 43.714627101186316,
    "avg_brightness": 47.85800524934383,
    "avg_sharpness": 230.38345825054498,
    "avg_psnr": 24.734054584225994,
    "avg_width": 3000.0,
    "avg_height": 2032.0,
    "avg_channels": 1.0
  }
}