{
  "total_images_processed": 1,
  "timestamp": "2026-02-14 22:33:59",
  "results": [
    {
      "input_path": "data/input/image2.jpg",
      "output_path": "data/output\\image2_clahe_clip2.0_tile8_gray.png",
      "parameters": {
        "clip_limit": 2.0,
        "tile_size": 8,
        "color_space": "grayscale",
        "grayscale": true
      },
      "metrics": {
        "entropy": 7.309222221374512,
        "contrast": 58.8068044654904,
        "brightness": 72.31264973958334,
        "sharpness": 834.3372585693359,
        "psnr": 20.264058315154845,
        "width": 640,
        "height": 480,
        "channels": 1
      },
      "processing_time_seconds": 0.0093536376953125
    }
  ],
  "average_metrics": {
    "avg_entropy": 7.309222221374512,
    "avg_contrast": 58.8068044654904,
    "avg_brightness": 72.31264973958334,
    "avg_sharpness": 834.3372585693359,
    "avg_psnr": 20.264058315154845,
    "avg_width": 640.0,
    "avg_height": 480.0,
    "avg_channels": 1.0
  }
}